INSERT INTO vacunas (id_vacuna, nombre, descripcion)
VALUES
(1, 'Rabia', 'Vacuna contra la rabia, una enfermedad viral mortal que afecta al sistema nervioso.'),
(2, 'Parvovirus', 'Vacuna contra el parvovirus canino, una enfermedad viral altamente contagiosa.'),
(3, 'Moquillo', 'Vacuna contra el moquillo canino, una enfermedad viral grave.'),
(4, 'Leptospirosis', 'Vacuna contra la leptospirosis, una infección bacteriana que puede afectar tanto a animales como a humanos.'),
(5, 'Hepatitis', 'Vacuna contra la hepatitis infecciosa canina, una enfermedad viral que afecta al hígado.');

INSERT INTO usuario (usuario_id, nombre, apellido, email, nombre_usuario, clave)
VALUES
(1, 'John', 'Doe', 'john.doe@example.com', 'johndoe', 'password1'),
(2, 'Jane', 'Smith', 'jane.smith@example.com', 'janesmith', 'password2'),
(3, 'Robert', 'Johnson', 'robert.johnson@example.com', 'robertj', 'password3'),
(4, 'Michael', 'Williams', 'michael.williams@example.com', 'michaelw', 'password4'),
(5, 'Mary', 'Brown', 'mary.brown@example.com', 'maryb', 'password5'),
(6, 'William', 'Jones', 'william.jones@example.com', 'williamj', 'password6'),
(7, 'Patricia', 'Garcia', 'patricia.garcia@example.com', 'patriciag', 'password7'),
(8, 'Linda', 'Martinez', 'linda.martinez@example.com', 'lindam', 'password8'),
(9, 'David', 'Rodriguez', 'david.rodriguez@example.com', 'davidr', 'password9'),
(10, 'Barbara', 'Wilson', 'barbara.wilson@example.com', 'barbaraw', 'password10'),
(11, 'Richard', 'Anderson', 'richard.anderson@example.com', 'richarda', 'password11'),
(12, 'Susan', 'Thomas', 'susan.thomas@example.com', 'susant', 'password12'),
(13, 'Joseph', 'Taylor', 'joseph.taylor@example.com', 'josepht', 'password13'),
(14, 'Sarah', 'Moore', 'sarah.moore@example.com', 'sarahm', 'password14'),
(15, 'Charles', 'Jackson', 'charles.jackson@example.com', 'charlesj', 'password15'),
(16, 'Karen', 'Harris', 'karen.harris@example.com', 'karenh', 'password16'),
(17, 'Thomas', 'Clark', 'thomas.clark@example.com', 'thomasc', 'password17'),
(18, 'Jessica', 'Lewis', 'jessica.lewis@example.com', 'jessical', 'password18'),
(19, 'Christopher', 'Lee', 'christopher.lee@example.com', 'chrisl', 'password19'),
(20, 'Nancy', 'Walker', 'nancy.walker@example.com', 'nancyw', 'password20'),
(21, 'Daniel', 'Hall', 'daniel.hall@example.com', 'danielh', 'password21'),
(22, 'Margaret', 'Allen', 'margaret.allen@example.com', 'margareta', 'password22'),
(23, 'Paul', 'Young', 'paul.young@example.com', 'pauly', 'password23'),
(24, 'Lisa', 'Hernandez', 'lisa.hernandez@example.com', 'lisah', 'password24'),
(25, 'Mark', 'King', 'mark.king@example.com', 'markk', 'password25'),
(26, 'Sandra', 'Wright', 'sandra.wright@example.com', 'sandraw', 'password26'),
(27, 'Steven', 'Lopez', 'steven.lopez@example.com', 'stevenl', 'password27'),
(28, 'Betty', 'Hill', 'betty.hill@example.com', 'bettyh', 'password28'),
(29, 'Donald', 'Scott', 'donald.scott@example.com', 'donalds', 'password29'),
(30, 'Dorothy', 'Green', 'dorothy.green@example.com', 'dorothyg', 'password30'),
(31, 'George', 'Adams', 'george.adams@example.com', 'georgea', 'password31'),
(32, 'Ashley', 'Baker', 'ashley.baker@example.com', 'ashleyb', 'password32'),
(33, 'Kenneth', 'Gonzalez', 'kenneth.gonzalez@example.com', 'kennethg', 'password33'),
(34, 'Emily', 'Nelson', 'emily.nelson@example.com', 'emilyn', 'password34'),
(35, 'Brian', 'Carter', 'brian.carter@example.com', 'brianc', 'password35'),
(36, 'Megan', 'Mitchell', 'megan.mitchell@example.com', 'meganm', 'password36'),
(37, 'Edward', 'Perez', 'edward.perez@example.com', 'edwardp', 'password37'),
(38, 'Amanda', 'Roberts', 'amanda.roberts@example.com', 'amandar', 'password38'),
(39, 'Joshua', 'Turner', 'joshua.turner@example.com', 'joshuat', 'password39'),
(40, 'Melissa', 'Phillips', 'melissa.phillips@example.com', 'melissap', 'password40'),
(41, 'Andrew', 'Campbell', 'andrew.campbell@example.com', 'andrewc', 'password41'),
(42, 'Stephanie', 'Parker', 'stephanie.parker@example.com', 'stephaniep', 'password42'),
(43, 'Kevin', 'Evans', 'kevin.evans@example.com', 'kevink', 'password43'),
(44, 'Angela', 'Edwards', 'angela.edwards@example.com', 'angelae', 'password44'),
(45, 'Ryan', 'Collins', 'ryan.collins@example.com', 'ryanc', 'password45'),
(46, 'Kimberly', 'Stewart', 'kimberly.stewart@example.com', 'kimberlys', 'password46'),
(47, 'Jeffrey', 'Sanchez', 'jeffrey.sanchez@example.com', 'jeffreys', 'password47'),
(48, 'Michelle', 'Morris', 'michelle.morris@example.com', 'michellem', 'password48'),
(49, 'Jacob', 'Rogers', 'jacob.rogers@example.com', 'jacobr', 'password49'),
(50, 'Rebecca', 'Reed', 'rebecca.reed@example.com', 'rebeccar', 'password50');


INSERT INTO sucursal (id_sucursal, Nombre, Direccion)
VALUES
(1, 'Sucursal Centro', 'Calle Principal 123'),
(2, 'Sucursal Norte', 'Avenida Norte 456'),
(3, 'Sucursal Sur', 'Calle Sur 789'),
(4, 'Sucursal Este', 'Avenida Este 101'),
(5, 'Sucursal Oeste', 'Calle Oeste 202'),
(6, 'Sucursal Central', 'Boulevard Central 303'),
(7, 'Sucursal Alturas', 'Calle Alturas 404'),
(8, 'Sucursal Valle', 'Avenida Valle 505'),
(9, 'Sucursal Montaña', 'Calle Montaña 606'),
(10, 'Sucursal Lago', 'Avenida Lago 707'),
(11, 'Sucursal Playa', 'Calle Playa 808'),
(12, 'Sucursal Colina', 'Avenida Colina 909'),
(13, 'Sucursal Río', 'Calle Río 100'),
(14, 'Sucursal Bosque', 'Avenida Bosque 200'),
(15, 'Sucursal Jardín', 'Calle Jardín 300'),
(16, 'Sucursal Ciudad', 'Avenida Ciudad 400'),
(17, 'Sucursal Pueblo', 'Calle Pueblo 500'),
(18, 'Sucursal Mercado', 'Avenida Mercado 600'),
(19, 'Sucursal Puerto', 'Calle Puerto 700'),
(20, 'Sucursal Parque', 'Avenida Parque 800');

INSERT INTO proveedores (id_proveedor, nombre, contacto, telefono, email)
VALUES
(1, 'Proveedor A', 'Contacto A', '123-456-7890', 'contactoa@proveedor.com'),
(2, 'Proveedor B', 'Contacto B', '234-567-8901', 'contactob@proveedor.com'),
(3, 'Proveedor C', 'Contacto C', '345-678-9012', 'contactoc@proveedor.com'),
(4, 'Proveedor D', 'Contacto D', '456-789-0123', 'contactod@proveedor.com'),
(5, 'Proveedor E', 'Contacto E', '567-890-1234', 'contactoe@proveedor.com'),
(6, 'Proveedor F', 'Contacto F', '678-901-2345', 'contactof@proveedor.com'),
(7, 'Proveedor G', 'Contacto G', '789-012-3456', 'contactog@proveedor.com'),
(8, 'Proveedor H', 'Contacto H', '890-123-4567', 'contactoh@proveedor.com'),
(9, 'Proveedor I', 'Contacto I', '901-234-5678', 'contactoi@proveedor.com'),
(10, 'Proveedor J', 'Contacto J', '012-345-6789', 'contactoj@proveedor.com'),
(11, 'Proveedor K', 'Contacto K', '111-222-3333', 'contactok@proveedor.com'),
(12, 'Proveedor L', 'Contacto L', '222-333-4444', 'contactol@proveedor.com'),
(13, 'Proveedor M', 'Contacto M', '333-444-5555', 'contactom@proveedor.com'),
(14, 'Proveedor N', 'Contacto N', '444-555-6666', 'contacton@proveedor.com'),
(15, 'Proveedor O', 'Contacto O', '555-666-7777', 'contactoo@proveedor.com'),
(16, 'Proveedor P', 'Contacto P', '666-777-8888', 'contactop@proveedor.com'),
(17, 'Proveedor Q', 'Contacto Q', '777-888-9999', 'contactoq@proveedor.com'),
(18, 'Proveedor R', 'Contacto R', '888-999-0000', 'contactor@proveedor.com'),
(19, 'Proveedor S', 'Contacto S', '999-000-1111', 'contactos@proveedor.com'),
(20, 'Proveedor T', 'Contacto T', '000-111-2222', 'contactot@proveedor.com'),
(21, 'Proveedor U', 'Contacto U', '123-456-1111', 'contactou@proveedor.com'),
(22, 'Proveedor V', 'Contacto V', '234-567-2222', 'contactov@proveedor.com'),
(23, 'Proveedor W', 'Contacto W', '345-678-3333', 'contactow@proveedor.com'),
(24, 'Proveedor X', 'Contacto X', '456-789-4444', 'contactox@proveedor.com'),
(25, 'Proveedor Y', 'Contacto Y', '567-890-5555', 'contactoy@proveedor.com'),
(26, 'Proveedor Z', 'Contacto Z', '678-901-6666', 'contactoz@proveedor.com'),
(27, 'Proveedor AA', 'Contacto AA', '789-012-7777', 'contactoaa@proveedor.com'),
(28, 'Proveedor BB', 'Contacto BB', '890-123-8888', 'contactobb@proveedor.com'),
(29, 'Proveedor CC', 'Contacto CC', '901-234-9999', 'contactocc@proveedor.com'),
(30, 'Proveedor DD', 'Contacto DD', '012-345-0000', 'contactodd@proveedor.com'),
(31, 'Proveedor EE', 'Contacto EE', '111-222-1111', 'contactoee@proveedor.com'),
(32, 'Proveedor FF', 'Contacto FF', '222-333-2222', 'contactoff@proveedor.com'),
(33, 'Proveedor GG', 'Contacto GG', '333-444-3333', 'contactogg@proveedor.com'),
(34, 'Proveedor HH', 'Contacto HH', '444-555-4444', 'contactohh@proveedor.com'),
(35, 'Proveedor II', 'Contacto II', '555-666-5555', 'contactoii@proveedor.com'),
(36, 'Proveedor JJ', 'Contacto JJ', '666-777-6666', 'contactojj@proveedor.com'),
(37, 'Proveedor KK', 'Contacto KK', '777-888-7777', 'contactokk@proveedor.com'),
(38, 'Proveedor LL', 'Contacto LL', '888-999-8888', 'contactoll@proveedor.com'),
(39, 'Proveedor MM', 'Contacto MM', '999-000-9999', 'contactomm@proveedor.com'),
(40, 'Proveedor NN', 'Contacto NN', '000-111-0000', 'contactonn@proveedor.com'),
(41, 'Proveedor OO', 'Contacto OO', '123-456-1234', 'contactooo@proveedor.com'),
(42, 'Proveedor PP', 'Contacto PP', '234-567-2345', 'contactopp@proveedor.com'),
(43, 'Proveedor QQ', 'Contacto QQ', '345-678-3456', 'contactoqq@proveedor.com'),
(44, 'Proveedor RR', 'Contacto RR', '456-789-4567', 'contactorr@proveedor.com'),
(45, 'Proveedor SS', 'Contacto SS', '567-890-5678', 'contactoss@proveedor.com'),
(46, 'Proveedor TT', 'Contacto TT', '678-901-6789', 'contactott@proveedor.com'),
(47, 'Proveedor UU', 'Contacto UU', '789-012-7890', 'contactouu@proveedor.com'),
(48, 'Proveedor VV', 'Contacto VV', '890-123-8901', 'contactovv@proveedor.com'),
(49, 'Proveedor WW', 'Contacto WW', '901-234-9012', 'contactoww@proveedor.com'),
(50, 'Proveedor XX', 'Contacto XX', '012-345-0123', 'contactoxx@proveedor.com');

INSERT INTO tipo_empleado (id_tipo_empleado, descripcion)
VALUES
(1, 'Voluntario'),
(2, 'Administrador'),
(3, 'Veterinario'),
(4, 'Cuidadores'),
(5, 'Recepcionista');

INSERT INTO empleados (id_empleado, nombre, apellido, cargo, fecha_contratacion, salario, tipo_empleado)
VALUES
(1, 'Juan', 'Pérez', 'Administrador', '2022-01-01', 5000.00, 1),
(2, 'María', 'González', 'Veterinario', '2022-02-01', 4500.00, 2),
(3, 'Carlos', 'Rodríguez', 'Cuidador', '2022-03-01', 4000.00, 3),
(4, 'Ana', 'Martínez', 'Recepcionista', '2022-04-01', 3500.00, 4),
(5, 'Pedro', 'López', 'Voluntario', '2022-05-01', 3000.00, 5),
(6, 'Laura', 'Sánchez', 'Administrador', '2022-06-01', 5500.00, 1),
(7, 'Diego', 'Ramírez', 'Veterinario', '2022-07-01', 5200.00, 2),
(8, 'Sofía', 'Hernández', 'Cuidador', '2022-08-01', 4800.00, 3),
(9, 'Jorge', 'Díaz', 'Recepcionista', '2022-09-01', 4200.00, 4),
(10, 'Valeria', 'Gómez', 'Voluntario', '2022-10-01', 3800.00, 5),
(11, 'Luis', 'Torres', 'Administrador', '2022-11-01', 6000.00, 1),
(12, 'Lucía', 'Flores', 'Veterinario', '2022-12-01', 5800.00, 2),
(13, 'Mario', 'Ruiz', 'Cuidador', '2023-01-01', 5400.00, 3),
(14, 'Elena', 'Castro', 'Recepcionista', '2023-02-01', 4900.00, 4),
(15, 'Andrés', 'Vargas', 'Voluntario', '2023-03-01', 4400.00, 5),
(16, 'Gabriela', 'Rojas', 'Administrador', '2023-04-01', 6200.00, 1),
(17, 'Roberto', 'Navarro', 'Veterinario', '2023-05-01', 6000.00, 2),
(18, 'Patricia', 'Molina', 'Cuidador', '2023-06-01', 5600.00, 3),
(19, 'Daniel', 'Soto', 'Recepcionista', '2023-07-01', 5100.00, 4),
(20, 'Carolina', 'Ortega', 'Voluntario', '2023-08-01', 4600.00, 5),
(21, 'Ricardo', 'Herrera', 'Administrador', '2023-09-01', 6400.00, 1),
(22, 'Fernanda', 'Silva', 'Veterinario', '2023-10-01', 6200.00, 2),
(23, 'Martín', 'Gutiérrez', 'Cuidador', '2023-11-01', 5800.00, 3),
(24, 'Alejandra', 'Luna', 'Recepcionista', '2023-12-01', 5300.00, 4),
(25, 'Hugo', 'Jiménez', 'Voluntario', '2024-01-01', 4800.00, 5),
(26, 'Natalia', 'Paz', 'Administrador', '2024-02-01', 6600.00, 1),
(27, 'Gabriel', 'Olivares', 'Veterinario', '2024-03-01', 6400.00, 2),
(28, 'Alejandro', 'Mendoza', 'Cuidador', '2024-04-01', 6000.00, 3),
(29, 'Camila', 'Reyes', 'Recepcionista', '2024-05-01', 5500.00, 4),
(30, 'Matías', 'Cabrera', 'Voluntario', '2024-06-01', 5000.00, 5),
(31, 'Isabella', 'Álvarez', 'Administrador', '2024-07-01', 6800.00, 1),
(32, 'Felipe', 'Vega', 'Veterinario', '2024-08-01', 6600.00, 2),
(33, 'Pablo', 'Góngora', 'Cuidador', '2024-09-01', 6200.00, 3),
(34, 'Antonella', 'Sepúlveda', 'Recepcionista', '2024-10-01', 5700.00, 4),
(35, 'Maximiliano', 'Torres', 'Voluntario', '2024-11-01', 5200.00, 5),
(36, 'Julieta', 'Sánchez', 'Administrador', '2024-12-01', 7000.00, 1),
(37, 'Agustín', 'Moreno', 'Veterinario', '2025-01-01', 6800.00, 2),
(38, 'Valentín', 'Hernández', 'Cuidador', '2025-02-01', 6400.00, 3),
(39, 'Abril', 'García', 'Recepcionista', '2025-03-01', 5900.00, 4),
(40, 'Lucas', 'Martínez', 'Voluntario', '2025-04-01', 5400.00, 5),
(41, 'Emilia', 'Rodríguez', 'Administrador', '2025-05-01', 7200.00, 1),
(42, 'Tomás', 'López', 'Veterinario', '2025-06-01', 7000.00, 2),
(43, 'Maite', 'Gómez', 'Cuidador', '2025-07-01', 6600.00, 3),
(44, 'Simón', 'Pérez', 'Recepcionista', '2025-08-01', 6100.00, 4),
(45, 'Renata', 'Castillo', 'Voluntario', '2025-09-01', 5600.00, 5),
(46, 'Matilda', 'Flores', 'Administrador', '2025-10-01', 7400.00, 1),
(47, 'Benjamín', 'González', 'Veterinario', '2025-11-01', 7200.00, 2),
(48, 'Dante', 'Martínez', 'Cuidador', '2025-12-01', 6800.00, 3),
(49, 'Lola', 'Herrera', 'Recepcionista', '2026-01-01', 6300.00, 4),
(50, 'Bruno', 'Ríos', 'Voluntario', '2026-02-01', 5800.00, 5);

INSERT INTO adoptantes (id_adoptante, nombre, apellido, direccion, telefono, email)
VALUES
(1, 'María', 'González', 'Calle 123', '555-1234', 'maria@example.com'),
(2, 'Juan', 'Pérez', 'Avenida Central', '555-5678', 'juan@example.com'),
(3, 'Ana', 'Martínez', 'Boulevard Este', '555-9012', 'ana@example.com'),
(4, 'Pedro', 'López', 'Carrera 45', '555-3456', 'pedro@example.com'),
(5, 'Laura', 'Sánchez', 'Avenida Norte', '555-7890', 'laura@example.com'),
(6, 'Carlos', 'Rodríguez', 'Calle Principal', '555-2345', 'carlos@example.com'),
(7, 'Sofía', 'Hernández', 'Calle Sur', '555-6789', 'sofia@example.com'),
(8, 'Diego', 'Ramírez', 'Avenida Oeste', '555-0123', 'diego@example.com'),
(9, 'Valeria', 'Gómez', 'Carrera 67', '555-4567', 'valeria@example.com'),
(10, 'Jorge', 'Díaz', 'Avenida Principal', '555-8901', 'jorge@example.com'),
(11, 'Fernanda', 'Silva', 'Calle 89', '555-2345', 'fernanda@example.com'),
(12, 'Luis', 'Torres', 'Boulevard Central', '555-6789', 'luis@example.com'),
(13, 'Elena', 'Castro', 'Carrera Este', '555-0123', 'elena@example.com'),
(14, 'Andrés', 'Vargas', 'Avenida Sur', '555-4567', 'andres@example.com'),
(15, 'Gabriela', 'Rojas', 'Calle 56', '555-8901', 'gabriela@example.com'),
(16, 'Martín', 'Gutiérrez', 'Boulevard Norte', '555-2345', 'martin@example.com'),
(17, 'Patricia', 'Molina', 'Carrera Oeste', '555-6789', 'patricia@example.com'),
(18, 'Daniel', 'Soto', 'Avenida 10', '555-0123', 'daniel@example.com'),
(19, 'Carolina', 'Ortega', 'Calle 34', '555-4567', 'carolina@example.com'),
(20, 'Ricardo', 'Herrera', 'Boulevard 23', '555-8901', 'ricardo@example.com'),
(21, 'Fernando', 'Navarro', 'Avenida 5', '555-2345', 'fernando@example.com'),
(22, 'Alejandra', 'Luna', 'Carrera 12', '555-6789', 'alejandra@example.com'),
(23, 'Hugo', 'Jiménez', 'Calle 78', '555-0123', 'hugo@example.com'),
(24, 'Natalia', 'Paz', 'Boulevard 31', '555-4567', 'natalia@example.com'),
(25, 'Gabriel', 'Olivares', 'Avenida 15', '555-8901', 'gabriel@example.com'),
(26, 'Camila', 'Reyes', 'Calle 22', '555-2345', 'camila@example.com'),
(27, 'Matías', 'Cabrera', 'Carrera 9', '555-6789', 'matias@example.com'),
(28, 'Isabella', 'Álvarez', 'Avenida 3', '555-0123', 'isabella@example.com'),
(29, 'Felipe', 'Vega', 'Boulevard 18', '555-4567', 'felipe@example.com'),
(30, 'Pablo', 'Góngora', 'Calle 67', '555-8901', 'pablo@example.com'),
(31, 'Antonella', 'Sepúlveda', 'Carrera 56', '555-2345', 'antonella@example.com'),
(32, 'Maximiliano', 'Torres', 'Avenida 21', '555-6789', 'maximiliano@example.com'),
(33, 'Julieta', 'Sánchez', 'Boulevard 8', '555-0123', 'julieta@example.com'),
(34, 'Agustín', 'Moreno', 'Calle 45', '555-4567', 'agustin@example.com'),
(35, 'Valentín', 'Hernández', 'Avenida 7', '555-8901', 'valentin@example.com'),
(36, 'Abril', 'García', 'Boulevard 14', '555-2345', 'abril@example.com'),
(37, 'Lucas', 'Martínez', 'Carrera 23', '555-6789', 'lucas@example.com'),
(38, 'Emilia', 'Rodríguez', 'Calle 32', '555-0123', 'emilia@example.com'),
(39, 'Tomás', 'López', 'Avenida 2', '555-4567', 'tomas@example.com'),
(40, 'Maite', 'Gómez', 'Boulevard 11', '555-8901', 'maite@example.com'),
(41, 'Simón', 'Pérez', 'Carrera 78', '555-2345', 'simon@example.com'),
(42, 'Renata', 'Castillo', 'Calle 55', '555-6789', 'renata@example.com'),
(43, 'Bruno', 'Ríos', 'Avenida 16', '555-0123', 'bruno@example.com'),
(44, 'Matilda', 'Flores', 'Boulevard 20', '555-4567', 'matilda@example.com'),
(45, 'Benjamín', 'González', 'Calle 33', '555-8901', 'benjamin@example.com'),
(46, 'Dante', 'Martínez', 'Carrera 89', '555-2345', 'dante@example.com'),
(47, 'Lola', 'Herrera', 'Avenida 25', '555-6789', 'lola@example.com'),
(48, 'Santiago', 'Silva', 'Boulevard 6', '555-0123', 'santiago@example.com'),
(49, 'Catalina', 'Molina', 'Calle 44', '555-4567', 'catalina@example.com'),
(50, 'Luciano', 'Paz', 'Avenida 13', '555-8901', 'luciano@example.com');


INSERT INTO eventos (id_evento, nombre, fecha, lugar, costo, recaudacion)
VALUES
(1, 'Feria de Adopción', '2023-05-15', 'Parque Central', 100.00, 350.00),
(2, 'Campaña de Esterilización', '2023-06-20', 'Clínica Veterinaria', 50.00, 200.00),
(3, 'Exposición de Razas', '2023-07-10', 'Centro de Convenciones', 80.00, 300.00),
(4, 'Charla Educativa', '2023-08-05', 'Auditorio Municipal', 20.00, 100.00),
(5, 'Concurso de Belleza Canina', '2023-09-18', 'Campo Deportivo', 120.00, 400.00),
(6, 'Adopta un Amigo', '2023-10-22', 'Plaza Principal', 70.00, 250.00),
(7, 'Jornada de Vacunación', '2023-11-12', 'Hospital Veterinario', 40.00, 150.00),
(8, 'Desfile de Mascotas', '2023-12-03', 'Paseo Peatonal', 60.00, 280.00),
(9, 'Venta de Productos', '2024-01-08', 'Tienda de Mascotas', 30.00, 120.00),
(10, 'Carrera Solidaria', '2024-02-14', 'Parque Recreativo', 90.00, 350.00),
(11, 'Taller de Adiestramiento', '2024-03-20', 'Escuela Canina', 50.00, 200.00),
(12, 'Exhibición de Gatitos', '2024-04-15', 'Centro Comercial', 25.00, 100.00),
(13, 'Campaña de Adopción Responsable', '2024-05-10', 'Plaza de la Ciudad', 110.00, 400.00),
(14, 'Conferencia sobre Bienestar Animal', '2024-06-25', 'Universidad Local', 75.00, 300.00),
(15, 'Fiesta Canina', '2024-07-30', 'Club Social', 40.00, 180.00),
(16, 'Reciclaje Solidario', '2024-08-18', 'Centro Cultural', 35.00, 150.00),
(17, 'Día del Perro sin Raza', '2024-09-05', 'Parque Canino', 85.00, 320.00),
(18, 'Campaña de Alimentación', '2024-10-12', 'Supermercado', 55.00, 250.00),
(19, 'Festival de Mascotas', '2024-11-20', 'Área Recreativa', 65.00, 280.00),
(20, 'Exposición de Acuarios', '2024-12-22', 'Acuario Local', 30.00, 120.00);


INSERT INTO administrativos (id_administrativo, id_empleado, departamento)
VALUES
(1, 1, 'Recursos Humanos'),
(2, 5, 'Contabilidad'),
(3, 15, 'Tecnología'),
(4, 21, 'Servicio al Cliente'),
(5, 30, 'Marketing');



INSERT INTO campanas_recaudacion (id_campana, nombre, fecha_inicio, fecha_fin, objetivo, id_sucursal)
VALUES
(1, 'Campaña de Verano', '2023-06-01', '2023-07-31', 5000.00, 1),
(2, 'Campaña de Navidad', '2023-11-15', '2023-12-31', 7000.00, 2),
(3, 'Campaña de Primavera', '2024-03-01', '2024-04-30', 6000.00, 3),
(4, 'Campaña de Otoño', '2024-09-01', '2024-10-31', 5500.00, 4),
(5, 'Campaña Anual', '2025-01-01', '2025-12-31', 10000.00, 5),
(6, 'Campaña de Adopción', '2023-08-01', '2023-09-30', 4500.00, 6),
(7, 'Campaña de Reciclaje', '2024-05-01', '2024-05-31', 3000.00, 7),
(8, 'Campaña de Vacunación', '2023-10-01', '2023-10-31', 4000.00, 8),
(9, 'Campaña de Alimentación', '2024-06-01', '2024-07-31', 5500.00, 9),
(10, 'Campaña de Educación', '2024-01-15', '2024-02-28', 3500.00, 10),
(11, 'Campaña de Rescate', '2023-12-15', '2024-01-31', 6000.00, 11),
(12, 'Campaña de Sensibilización', '2024-08-01', '2024-08-31', 2500.00, 12),
(13, 'Campaña de Bienestar Animal', '2023-07-01', '2023-07-31', 2000.00, 13),
(14, 'Campaña de Donación', '2024-04-01', '2024-04-30', 4000.00, 14),
(15, 'Campaña de Adiestramiento', '2024-02-01', '2024-02-29', 3000.00, 15),
(16, 'Campaña de Adopción Responsable', '2023-09-01', '2023-09-30', 3500.00, 16),
(17, 'Campaña de Esterilización', '2024-03-01', '2024-03-31', 4500.00, 17),
(18, 'Campaña de Salud Animal', '2023-11-01', '2023-11-30', 5000.00, 18),
(19, 'Campaña de Protección Animal', '2024-07-01', '2024-07-31', 3200.00, 19),
(20, 'Campaña de Rescate de Emergencia', '2024-10-01', '2024-10-31', 3800.00, 20);

INSERT INTO compras (id_compra, id_proveedor, fecha, monto, descripcion)
VALUES
(1, 1, '2023-01-05', 1500.00, 'Compra de alimentos para perros'),
(2, 2, '2023-01-15', 2000.00, 'Compra de vacunas para gatos'),
(3, 3, '2023-02-10', 2500.00, 'Compra de equipos veterinarios'),
(4, 4, '2023-02-20', 1800.00, 'Compra de juguetes para mascotas'),
(5, 5, '2023-03-01', 2200.00, 'Compra de camas para perros'),
(6, 6, '2023-03-15', 1600.00, 'Compra de rascadores para gatos'),
(7, 7, '2023-04-01', 3000.00, 'Compra de alimentos para gatos'),
(8, 8, '2023-04-15', 2100.00, 'Compra de medicinas'),
(9, 2, '2023-05-01', 1700.00, 'Compra de correas para perros'),
(10, 10, '2023-05-15', 1900.00, 'Compra de areneros para gatos'),
(11, 11, '2023-06-01', 1400.00, 'Compra de transportadoras'),
(12, 12, '2023-06-15', 2300.00, 'Compra de suplementos alimenticios'),
(13, 1, '2023-07-01', 2500.00, 'Compra de comederos y bebederos'),
(14, 2, '2023-07-15', 2800.00, 'Compra de collares y etiquetas'),
(15, 15, '2023-08-01', 1900.00, 'Compra de alimentos especiales'),
(16, 2, '2023-08-15', 2600.00, 'Compra de productos de higiene'),
(17, 17, '2023-09-01', 2400.00, 'Compra de arenas para gatos'),
(18, 18, '2023-09-15', 1500.00, 'Compra de juguetes interactivos'),
(19, 19, '2023-10-01', 2700.00, 'Compra de camas ortopédicas'),
(20, 1, '2023-10-15', 3000.00, 'Compra de alimentos húmedos'),
(21, 21, '2023-11-01', 2100.00, 'Compra de medicamentos preventivos'),
(22, 22, '2023-11-15', 2200.00, 'Compra de accesorios de entrenamiento'),
(23, 23, '2023-12-01', 2300.00, 'Compra de productos de limpieza'),
(24, 24, '2023-12-15', 1800.00, 'Compra de casetas para perros'),
(25, 2, '2024-01-01', 1900.00, 'Compra de artículos de peluquería'),
(26, 26, '2024-01-15', 2500.00, 'Compra de vitaminas y suplementos'),
(27, 1, '2024-02-01', 2100.00, 'Compra de collares antipulgas'),
(28, 2, '2024-02-15', 2400.00, 'Compra de alimentos holísticos'),
(29, 29, '2024-03-01', 2700.00, 'Compra de camas de lujo'),
(30, 30, '2024-03-15', 2000.00, 'Compra de productos orgánicos'),
(31, 31, '2024-04-01', 2200.00, 'Compra de artículos para viajes'),
(32, 32, '2024-04-15', 1600.00, 'Compra de juguetes de entrenamiento'),
(33, 33, '2024-05-01', 2300.00, 'Compra de alimentos sin grano'),
(34, 34, '2024-05-15', 2500.00, 'Compra de productos para cachorros'),
(35, 35, '2024-06-01', 1900.00, 'Compra de snacks y premios'),
(36, 36, '2024-06-15', 2600.00, 'Compra de productos para gatos adultos'),
(37, 1, '2024-07-01', 2800.00, 'Compra de alimentos para perros mayores'),
(38, 38, '2024-07-15', 2200.00, 'Compra de arneses y correas'),
(39, 39, '2024-08-01', 1700.00, 'Compra de productos desparasitantes'),
(40, 40, '2024-08-15', 2400.00, 'Compra de artículos para entrenamiento'),
(41, 41, '2024-09-01', 2600.00, 'Compra de productos para gatos'),
(42, 42, '2024-09-15', 1900.00, 'Compra de artículos para gatos'),
(43, 43, '2024-10-01', 2700.00, 'Compra de productos ecológicos'),
(44, 44, '2024-10-15', 3000.00, 'Compra de productos naturales'),
(45, 45, '2024-11-01', 2100.00, 'Compra de alimentos premium'),
(46, 46, '2024-11-15', 2200.00, 'Compra de artículos de seguridad'),
(47, 47, '2024-12-01', 2300.00, 'Compra de productos de lujo'),
(48, 48, '2024-12-15', 1800.00, 'Compra de casitas para gatos'),
(49, 49, '2025-01-01', 1900.00, 'Compra de juguetes interactivos'),
(50, 50, '2025-01-15', 2500.00, 'Compra de productos para la salud dental');


INSERT INTO cuidadores (id_cuidador, id_empleado, turnos)
VALUES
(1, 2, 'Lunes-Miércoles-Viernes: 08:00-16:00'),
(2, 3, 'Martes-Jueves-Sábado: 08:00-16:00'),
(3, 4, 'Lunes-Miércoles-Viernes: 14:00-22:00'),
(4, 6, 'Martes-Jueves-Sábado: 14:00-22:00'),
(5, 7, 'Lunes-Miércoles-Viernes: 08:00-16:00'),
(6, 8, 'Martes-Jueves-Sábado: 08:00-16:00'),
(7, 9, 'Lunes-Miércoles-Viernes: 14:00-22:00'),
(8, 10, 'Martes-Jueves-Sábado: 14:00-22:00'),
(9, 11, 'Lunes-Miércoles-Viernes: 08:00-16:00'),
(10, 12, 'Martes-Jueves-Sábado: 08:00-16:00'),
(11, 13, 'Lunes-Miércoles-Viernes: 14:00-22:00'),
(12, 14, 'Martes-Jueves-Sábado: 14:00-22:00'),
(13, 16, 'Lunes-Miércoles-Viernes: 08:00-16:00'),
(14, 17, 'Martes-Jueves-Sábado: 08:00-16:00'),
(15, 18, 'Lunes-Miércoles-Viernes: 14:00-22:00'),
(16, 19, 'Martes-Jueves-Sábado: 14:00-22:00'),
(17, 20, 'Lunes-Miércoles-Viernes: 08:00-16:00'),
(18, 22, 'Martes-Jueves-Sábado: 08:00-16:00'),
(19, 23, 'Lunes-Miércoles-Viernes: 14:00-22:00'),
(20, 24, 'Martes-Jueves-Sábado: 14:00-22:00');

INSERT INTO inventario (id_inventario, producto, cantidad, fecha_ingreso, id_proveedor)
VALUES
(1, 'Alimento para perros', 100, '2024-07-11', 1),
(2, 'Alimento para gatos', 150, '2024-07-12', 2),
(3, 'Vacunas para perros', 200, '2024-07-13', 3),
(4, 'Vacunas para gatos', 250, '2024-07-14', 4),
(5, 'Juguetes para perros', 300, '2024-07-15', 5),
(6, 'Juguetes para gatos', 350, '2024-07-16', 6),
(7, 'Camas para perros', 400, '2024-07-17', 7),
(8, 'Camas para gatos', 450, '2024-07-18', 8),
(9, 'Rascadores para gatos', 500, '2024-07-19', 9),
(10, 'Transportadoras', 550, '2024-07-20', 10),
(11, 'Comederos y bebederos', 600, '2024-07-21', 11),
(12, 'Correas para perros', 650, '2024-07-22', 12),
(13, 'Areneros para gatos', 700, '2024-07-23', 13),
(14, 'Suplementos alimenticios', 750, '2024-07-24', 14),
(15, 'Collares y etiquetas', 800, '2024-07-25', 15),
(16, 'Productos de higiene', 850, '2024-07-26', 16),
(17, 'Medicamentos', 900, '2024-07-27', 17),
(18, 'Alimento húmedo', 950, '2024-07-28', 18),
(19, 'Alimento seco', 1000, '2024-07-29', 19),
(20, 'Arena para gatos', 1050, '2024-07-30', 20),
(21, 'Transportadoras pequeñas', 1100, '2024-08-01', 1),
(22, 'Transportadoras medianas', 1150, '2024-08-02', 2),
(23, 'Transportadoras grandes', 1200, '2024-08-03', 3),
(24, 'Camas ortopédicas', 1250, '2024-08-04', 4),
(25, 'Alimento especial para cachorros', 1300, '2024-08-05', 5),
(26, 'Alimento especial para gatos', 1350, '2024-08-06', 6),
(27, 'Juguetes interactivos', 1400, '2024-08-07', 7),
(28, 'Juguetes de entrenamiento', 1450, '2024-08-08', 8),
(29, 'Productos de peluquería', 1500, '2024-08-09', 9),
(30, 'Vitaminas y suplementos', 1550, '2024-08-10', 10),
(31, 'Collares antipulgas', 1600, '2024-08-11', 11),
(32, 'Productos orgánicos', 1650, '2024-08-12', 12),
(33, 'Productos para viajes', 1700, '2024-08-13', 13),
(34, 'Juguetes de entrenamiento para gatos', 1750, '2024-08-14', 14),
(35, 'Productos para cachorros', 1800, '2024-08-15', 15),
(36, 'Productos para gatos adultos', 1850, '2024-08-16', 16),
(37, 'Productos para perros mayores', 1900, '2024-08-17', 17),
(38, 'Arneses y correas', 1950, '2024-08-18', 18),
(39, 'Productos desparasitantes', 2000, '2024-08-19', 19),
(40, 'Productos de seguridad', 2050, '2024-08-20', 20),
(41, 'Artículos de entrenamiento', 2100, '2024-08-21', 1),
(42, 'Productos para gatos', 2150, '2024-08-22', 2),
(43, 'Artículos para gatos', 2200, '2024-08-23', 3),
(44, 'Productos ecológicos', 2250, '2024-08-24', 4),
(45, 'Productos naturales', 2300, '2024-08-25', 5),
(46, 'Alimentos premium', 2350, '2024-08-26', 6),
(47, 'Artículos de seguridad', 2400, '2024-08-27', 7),
(48, 'Productos de lujo', 2450, '2024-08-28', 8),
(49, 'Casitas para gatos', 2500, '2024-08-29', 9),
(50, 'Productos para la salud dental', 2550, '2024-08-30', 10);


INSERT INTO donantes (id_donante, nombre, apellido, direccion, telefono, email, id_inventario)
VALUES
(1, 'Juan', 'Pérez', 'Calle Falsa 123', '555-1234', 'juan.perez@example.com', 1),
(2, 'María', 'Gómez', 'Avenida Siempre Viva 456', '555-5678', 'maria.gomez@example.com', 2),
(3, 'Carlos', 'López', 'Calle de la Luna 789', '555-8765', 'carlos.lopez@example.com', 3),
(4, 'Ana', 'Martínez', 'Boulevard de los Sueños 321', '555-4321', 'ana.martinez@example.com', 4),
(5, 'Luis', 'Rodríguez', 'Plaza del Sol 654', '555-6789', 'luis.rodriguez@example.com', 5),
(6, 'Laura', 'Hernández', 'Pasaje de la Estrella 987', '555-9876', 'laura.hernandez@example.com', 6),
(7, 'David', 'García', 'Calle del Olmo 135', '555-1357', 'david.garcia@example.com', 7),
(8, 'Sofía', 'Torres', 'Avenida de la Paz 246', '555-2468', 'sofia.torres@example.com', 8),
(9, 'José', 'Ramírez', 'Calle del Sol 357', '555-3579', 'jose.ramirez@example.com', 9),
(10, 'Isabel', 'Flores', 'Boulevard del Mar 468', '555-4680', 'isabel.flores@example.com', 10),
(11, 'Miguel', 'Sánchez', 'Plaza de la Libertad 579', '555-5791', 'miguel.sanchez@example.com', 11),
(12, 'Lucía', 'Morales', 'Calle del Río 680', '555-6802', 'lucia.morales@example.com', 12),
(13, 'Pedro', 'Ortega', 'Avenida de los Ángeles 791', '555-7913', 'pedro.ortega@example.com', 13),
(14, 'Carmen', 'Ruiz', 'Calle del Bosque 802', '555-8024', 'carmen.ruiz@example.com', 14),
(15, 'Jorge', 'Vázquez', 'Boulevard del Sol 913', '555-9135', 'jorge.vazquez@example.com', 15),
(16, 'Marta', 'Jiménez', 'Plaza de la Luz 024', '555-0246', 'marta.jimenez@example.com', 16),
(17, 'Raúl', 'Castro', 'Calle del Lago 135', '555-1357', 'raul.castro@example.com', 17),
(18, 'Elena', 'Núñez', 'Avenida del Cielo 246', '555-2468', 'elena.nunez@example.com', 18),
(19, 'Fernando', 'Romero', 'Calle de la Esperanza 357', '555-3579', 'fernando.romero@example.com', 19),
(20, 'Patricia', 'Silva', 'Boulevard de los Pinos 468', '555-4680', 'patricia.silva@example.com', 20);


INSERT INTO donaciones (id_donacion, id_donante, fecha, monto, tipo, descripcion)
VALUES
(1, 1, '2024-07-01', 100.00, 'Monetaria', 'Donación en efectivo para el centro de adopciones.'),
(2, 2, '2024-07-02', 150.00, 'Monetaria', 'Donación para la compra de alimentos.'),
(3, 3, '2024-07-03', 200.00, 'Monetaria', 'Donación en efectivo para vacunas.'),
(4, 4, '2024-07-04', 250.00, 'Especie', 'Donación de alimentos para perros y gatos.'),
(5, 5, '2024-07-05', 300.00, 'Monetaria', 'Donación para la compra de camas para animales.'),
(6, 6, '2024-07-06', 350.00, 'Especie', 'Donación de juguetes para perros y gatos.'),
(7, 7, '2024-07-07', 400.00, 'Monetaria', 'Donación en efectivo para la construcción de refugios.'),
(8, 8, '2024-07-08', 450.00, 'Especie', 'Donación de medicamentos y suplementos.'),
(9, 9, '2024-07-09', 500.00, 'Monetaria', 'Donación para el tratamiento médico de animales enfermos.'),
(10, 10, '2024-07-10', 550.00, 'Especie', 'Donación de correas y collares para perros.'),
(11, 11, '2024-07-11', 600.00, 'Monetaria', 'Donación en efectivo para la compra de vacunas.'),
(12, 12, '2024-07-12', 650.00, 'Especie', 'Donación de camas ortopédicas para animales mayores.'),
(13, 13, '2024-07-13', 700.00, 'Monetaria', 'Donación para la compra de suplementos alimenticios.'),
(14, 14, '2024-07-14', 750.00, 'Especie', 'Donación de alimentos especiales para cachorros.'),
(15, 15, '2024-07-15', 800.00, 'Monetaria', 'Donación en efectivo para la mejora de instalaciones.'),
(16, 16, '2024-07-16', 850.00, 'Especie', 'Donación de productos de higiene y limpieza.'),
(17, 17, '2024-07-17', 900.00, 'Monetaria', 'Donación para la organización de eventos de adopción.'),
(18, 18, '2024-07-18', 950.00, 'Especie', 'Donación de areneros y productos para gatos.'),
(19, 19, '2024-07-19', 1000.00, 'Monetaria', 'Donación en efectivo para el transporte de animales.'),
(20, 20, '2024-07-20', 1050.00, 'Especie', 'Donación de productos de seguridad y bienestar.');

INSERT INTO equipos (id_equipo, nombre, descripcion, fecha_compra, costo, id_inventario)
VALUES
(1, 'Equipo de resonancia magnética', 'Equipo avanzado para diagnósticos médicos', '2024-01-01', 50000.00, 1),
(2, 'Equipo de rayos X', 'Máquina para radiografías de alta calidad', '2024-01-02', 40000.00, 2),
(3, 'Máquina de ultrasonido', 'Dispositivo para exámenes de ultrasonido', '2024-01-03', 30000.00, 3),
(4, 'Monitor de signos vitales', 'Monitor multiparámetro para monitoreo continuo', '2024-01-04', 20000.00, 4),
(5, 'Ventilador mecánico', 'Ventilador para soporte respiratorio', '2024-01-05', 25000.00, 5),
(6, 'Incubadora', 'Incubadora neonatal avanzada', '2024-01-06', 35000.00, 6),
(7, 'Desfibrilador', 'Dispositivo para emergencias cardíacas', '2024-01-07', 15000.00, 7),
(8, 'Equipo de electrocardiografía', 'Máquina para realizar electrocardiogramas', '2024-01-08', 10000.00, 8),
(9, 'Equipo de hemodiálisis', 'Sistema completo de diálisis', '2024-01-09', 45000.00, 9),
(10, 'Equipo de endoscopía', 'Sistema para exámenes endoscópicos', '2024-01-10', 60000.00, 10),
(11, 'Equipo de laparoscopía', 'Herramientas para cirugía laparoscópica', '2024-01-11', 55000.00, 11),
(12, 'Equipo de anestesia', 'Máquina de anestesia completa', '2024-01-12', 48000.00, 12),
(13, 'Equipo de laboratorio', 'Conjunto de equipos para análisis de laboratorio', '2024-01-13', 32000.00, 13),
(14, 'Cama de hospital', 'Cama de hospital eléctrica ajustable', '2024-01-14', 7000.00, 14),
(15, 'Equipo de fisioterapia', 'Equipos para rehabilitación física', '2024-01-15', 12000.00, 15),
(16, 'Equipo de odontología', 'Herramientas y silla para tratamientos dentales', '2024-01-16', 38000.00, 16),
(17, 'Equipo de oftalmología', 'Instrumentos para exámenes oculares', '2024-01-17', 29000.00, 17),
(18, 'Equipo de audiometría', 'Dispositivos para pruebas auditivas', '2024-01-18', 14000.00, 18),
(19, 'Máquina de tomografía', 'Equipo avanzado de tomografía computarizada', '2024-01-19', 80000.00, 19),
(20, 'Equipo de resonancia magnética nuclear', 'Dispositivo de imagenología avanzada', '2024-01-20', 90000.00, 20);

--Restriccion para que solo aacepte un tipo de gastos predeterminados

DROP TABLE gastos

CREATE TABLE gastos (
    id_gasto INT PRIMARY KEY,
    tipo VARCHAR(50),
    monto DECIMAL(10, 2),
    fecha DATE,
    descripcion VARCHAR(100),
    id_sucursal INT
);
ALTER TABLE gastos
ADD CONSTRAINT FK_gastos_sucursal
FOREIGN KEY (id_sucursal) REFERENCES sucursal(id_sucursal);


ALTER TABLE gastos
ADD CONSTRAINT CHK_tipo_gastos CHECK (tipo IN ('Servicios públicos', 'Material de oficina', 'Mantenimiento','Suministros médicos','Alimentos'));


INSERT INTO gastos (id_gasto, tipo, monto, fecha, descripcion, id_sucursal)
VALUES
(1, 'Servicios públicos', 100.00, '2024-01-01', 'Pago de electricidad', 1),
(2, 'Material de oficina', 50.00, '2024-01-02', 'Compra de papel y tinta', 2),
(3, 'Mantenimiento', 200.00, '2024-01-03', 'Reparación de equipos', 3),
(4, 'Suministros médicos', 150.00, '2024-01-04', 'Compra de medicamentos', 4),
(5, 'Alimentos', 300.00, '2024-01-05', 'Compra de alimentos para animales', 5),
(6, 'Limpieza', 100.00, '2024-01-06', 'Productos de limpieza', 6),
(7, 'Transporte', 120.00, '2024-01-07', 'Costo de transporte', 7),
(8, 'Publicidad', 80.00, '2024-01-08', 'Anuncios en redes sociales', 8),
(9, 'Salarios', 500.00, '2024-01-09', 'Pago de sueldos', 9),
(10, 'Servicios veterinarios', 250.00, '2024-01-10', 'Consultas y tratamientos', 10),
(11, 'Equipos de oficina', 400.00, '2024-01-11', 'Compra de ordenadores', 11),
(12, 'Ropa de trabajo', 150.00, '2024-01-12', 'Uniformes para empleados', 12),
(13, 'Gastos legales', 100.00, '2024-01-13', 'Asesoría jurídica', 13),
(14, 'Seguros', 200.00, '2024-01-14', 'Seguro para instalaciones', 14),
(15, 'Capacitación', 300.00, '2024-01-15', 'Cursos de formación', 15),
(16, 'Eventos', 500.00, '2024-01-16', 'Organización de eventos de adopción', 16),
(17, 'Publicidad', 80.00, '2024-01-17', 'Anuncios en periódicos', 17),
(18, 'Alquiler', 1000.00, '2024-01-18', 'Pago de alquiler de locales', 18),
(19, 'Mantenimiento', 200.00, '2024-01-19', 'Mantenimiento de instalaciones', 19),
(20, 'Donaciones', 300.00, '2024-01-20', 'Contribución a otras organizaciones', 20),
(21, 'Material de oficina', 50.00, '2024-01-21', 'Compra de lápices y bolígrafos', 1),
(22, 'Suministros médicos', 150.00, '2024-01-22', 'Compra de jeringas y guantes', 2),
(23, 'Alimentos', 300.00, '2024-01-23', 'Compra de alimento para gatos', 3),
(24, 'Transporte', 120.00, '2024-01-24', 'Combustible para vehículos', 4),
(25, 'Publicidad', 80.00, '2024-01-25', 'Anuncios en radio', 5),
(26, 'Salarios', 500.00, '2024-01-26', 'Pago de sueldos del mes', 6),
(27, 'Limpieza', 100.00, '2024-01-27', 'Compra de desinfectantes', 7),
(28, 'Eventos', 500.00, '2024-01-28', 'Organización de feria de adopción', 8),
(29, 'Seguros', 200.00, '2024-01-29', 'Seguro para empleados', 9),
(30, 'Servicios veterinarios', 250.00, '2024-01-30', 'Cirugías para animales', 10),
(31, 'Capacitación', 300.00, '2024-02-01', 'Talleres de primeros auxilios', 11),
(32, 'Donaciones', 300.00, '2024-02-02', 'Donación a refugios', 12),
(33, 'Equipos de oficina', 400.00, '2024-02-03', 'Compra de impresoras', 13),
(34, 'Ropa de trabajo', 150.00, '2024-02-04', 'Botas y guantes', 14),
(35, 'Servicios públicos', 100.00, '2024-02-05', 'Pago de agua', 15),
(36, 'Gastos legales', 100.00, '2024-02-06', 'Trámites legales', 16),
(37, 'Alquiler', 1000.00, '2024-02-07', 'Renta de locales', 17),
(38, 'Material de oficina', 50.00, '2024-02-08', 'Compra de carpetas y archivadores', 18),
(39, 'Mantenimiento', 200.00, '2024-02-09', 'Reparación de techos', 19),
(40, 'Suministros médicos', 150.00, '2024-02-10', 'Compra de medicamentos para animales', 20),
(41, 'Transporte', 120.00, '2024-02-11', 'Gastos de transporte de animales', 1),
(42, 'Publicidad', 80.00, '2024-02-12', 'Campaña publicitaria en internet', 2),
(43, 'Salarios', 500.00, '2024-02-13', 'Pago de sueldos a cuidadores', 3),
(44, 'Limpieza', 100.00, '2024-02-14', 'Compra de detergentes', 4),
(45, 'Eventos', 500.00, '2024-02-15', 'Organización de jornada de adopción', 5),
(46, 'Seguros', 200.00, '2024-02-16', 'Seguro contra incendios', 6),
(47, 'Servicios veterinarios', 250.00, '2024-02-17', 'Tratamiento para animales enfermos', 7),
(48, 'Capacitación', 300.00, '2024-02-18', 'Capacitación en manejo de estrés', 8),
(49, 'Donaciones', 300.00, '2024-02-19', 'Donación a organizaciones benéficas', 9),
(50, 'Equipos de oficina', 400.00, '2024-02-20', 'Compra de sillas y escritorios', 10);

INSERT INTO habitaciones (id_habitacion, nombre, capacidad, descripcion)
VALUES
(1, 'Habitación A', 5, 'Habitación con vista al jardín.'),
(2, 'Habitación B', 4, 'Habitación cercana a la entrada principal.'),
(3, 'Habitación C', 6, 'Habitación equipada con calefacción.'),
(4, 'Habitación D', 3, 'Habitación pequeña pero acogedora.'),
(5, 'Habitación E', 8, 'Habitación amplia con ventilación natural.'),
(6, 'Habitación F', 4, 'Habitación con acceso directo al patio.'),
(7, 'Habitación G', 5, 'Habitación equipada con aire acondicionado.'),
(8, 'Habitación H', 7, 'Habitación ideal para animales grandes.'),
(9, 'Habitación I', 6, 'Habitación con sistema de monitoreo.'),
(10, 'Habitación J', 4, 'Habitación cerca de la zona de recreo.'),
(11, 'Habitación K', 5, 'Habitación tranquila y silenciosa.'),
(12, 'Habitación L', 3, 'Habitación con luz natural durante todo el día.'),
(13, 'Habitación M', 4, 'Habitación con acceso a zona de juegos.'),
(14, 'Habitación N', 6, 'Habitación espaciosa y cómoda.'),
(15, 'Habitación O', 5, 'Habitación con calefacción regulable.'),
(16, 'Habitación P', 4, 'Habitación con vistas a la calle.'),
(17, 'Habitación Q', 7, 'Habitación con suelo antideslizante.'),
(18, 'Habitación R', 3, 'Habitación para animales pequeños.'),
(19, 'Habitación S', 8, 'Habitación grande con varias camas.'),
(20, 'Habitación T', 5, 'Habitación con ventilación cruzada.'),
(21, 'Habitación U', 6, 'Habitación con acceso a patio trasero.'),
(22, 'Habitación V', 4, 'Habitación con iluminación LED.'),
(23, 'Habitación W', 7, 'Habitación con temperatura controlada.'),
(24, 'Habitación X', 3, 'Habitación cerca de la zona de alimentación.'),
(25, 'Habitación Y', 5, 'Habitación con espacio de almacenamiento.'),
(26, 'Habitación Z', 6, 'Habitación con acceso a área de ejercicio.'),
(27, 'Habitación AA', 4, 'Habitación con decoración acogedora.'),
(28, 'Habitación AB', 5, 'Habitación con aislamiento acústico.'),
(29, 'Habitación AC', 3, 'Habitación para cuidados especiales.'),
(30, 'Habitación AD', 7, 'Habitación con acceso a área de juegos.'),
(31, 'Habitación AE', 6, 'Habitación cerca de la zona de baños.'),
(32, 'Habitación AF', 4, 'Habitación con vistas al parque.'),
(33, 'Habitación AG', 5, 'Habitación equipada con cámaras de seguridad.'),
(34, 'Habitación AH', 3, 'Habitación con camas ajustables.'),
(35, 'Habitación AI', 6, 'Habitación con espacio exterior privado.'),
(36, 'Habitación AJ', 4, 'Habitación con luz natural.'),
(37, 'Habitación AK', 5, 'Habitación con sistema de purificación de aire.'),
(38, 'Habitación AL', 7, 'Habitación con suelo acolchado.'),
(39, 'Habitación AM', 3, 'Habitación ideal para gatos.'),
(40, 'Habitación AN', 6, 'Habitación con acceso a balcón.'),
(41, 'Habitación AO', 5, 'Habitación con sistema de alarma.'),
(42, 'Habitación AP', 4, 'Habitación con acceso a jardín.'),
(43, 'Habitación AQ', 6, 'Habitación con sistema de ventilación natural.'),
(44, 'Habitación AR', 5, 'Habitación cerca de la sala de juegos.'),
(45, 'Habitación AS', 4, 'Habitación con espacio para almacenamiento adicional.'),
(46, 'Habitación AT', 3, 'Habitación ideal para convalecencia.'),
(47, 'Habitación AU', 7, 'Habitación con acceso a la zona de juegos.'),
(48, 'Habitación AV', 6, 'Habitación con espacio para ejercicio.'),
(49, 'Habitación AW', 4, 'Habitación con decoración temática.'),
(50, 'Habitación AX', 5, 'Habitación con vistas al patio.');

INSERT INTO mantenimiento (id_mantenimiento, id_habitacion, fecha, descripcion, costo, id_equipo)
VALUES
(1, 1, '2024-06-01', 'Reparación de sistema de ventilación', 150.00, 1),
(2, 2, '2024-06-15', 'Mantenimiento de equipo de monitoreo', 200.00, 2),
(3, 3, '2024-07-01', 'Reemplazo de lámparas LED', 100.00, 3),
(4, 4, '2024-07-15', 'Reparación de cama ajustable', 180.00, 4),
(5, 5, '2024-08-01', 'Mantenimiento de sistema de purificación de aire', 250.00, 5);

INSERT INTO mascota (id_mascota, nombre, fecha_nacimiento, edad, raza, sexo, especie, propietario_id)
VALUES
(1, 'Max', '2018-03-15', 6, 'Labrador Retriever', 'Macho', 'Perro', 1),
(2, 'Luna', '2019-05-20', 5, 'Siamesa', 'Hembra', 'Gato', 2),
(3, 'Rocky', '2020-01-10', 4, 'Golden Retriever', 'Macho', 'Perro', 3),
(4, 'Bella', '2017-08-25', 7, 'Persa', 'Hembra', 'Gato', 4),
(5, 'Charlie', '2019-11-12', 4, 'Bulldog Francés', 'Macho', 'Perro', 5),
(6, 'Mia', '2020-07-30', 3, 'Maine Coon', 'Hembra', 'Gato', 6),
(7, 'Buddy', '2017-04-18', 8, 'Dálmata', 'Macho', 'Perro', 7),
(8, 'Lucy', '2018-09-05', 6, 'Siamés', 'Hembra', 'Gato', 8),
(9, 'Cooper', '2021-02-22', 2, 'Labrador', 'Macho', 'Perro', 9),
(10, 'Lola', '2020-04-11', 3, 'Persa', 'Hembra', 'Gato', 10),
(11, 'Jack', '2017-07-01', 7, 'Beagle', 'Macho', 'Perro', 11),
(12, 'Chloe', '2019-10-14', 4, 'Bengala', 'Hembra', 'Gato', 12),
(13, 'Duke', '2018-05-19', 6, 'Labrador Retriever', 'Macho', 'Perro', 13),
(14, 'Zoe', '2020-12-03', 3, 'Siberiano', 'Hembra', 'Gato', 14),
(15, 'Oliver', '2016-11-30', 8, 'Bulldog Inglés', 'Macho', 'Perro', 15),
(16, 'Lily', '2017-03-22', 7, 'Angora', 'Hembra', 'Gato', 16),
(17, 'Max', '2019-08-08', 5, 'Labrador Retriever', 'Macho', 'Perro', 17),
(18, 'Luna', '2020-09-25', 3, 'Siamesa', 'Hembra', 'Gato', 18),
(19, 'Rocky', '2018-04-17', 5, 'Golden Retriever', 'Macho', 'Perro', 19),
(20, 'Bella', '2017-12-10', 6, 'Persa', 'Hembra', 'Gato', 20),
(21, 'Charlie', '2020-01-02', 3, 'Bulldog Francés', 'Macho', 'Perro', 21),
(22, 'Mia', '2020-04-30', 3, 'Maine Coon', 'Hembra', 'Gato', 22),
(23, 'Buddy', '2016-10-14', 8, 'Dálmata', 'Macho', 'Perro', 23),
(24, 'Lucy', '2019-03-01', 5, 'Siamés', 'Hembra', 'Gato', 24),
(25, 'Cooper', '2020-07-12', 3, 'Labrador', 'Macho', 'Perro', 25),
(26, 'Lola', '2021-01-18', 2, 'Persa', 'Hembra', 'Gato', 26),
(27, 'Jack', '2017-09-05', 6, 'Beagle', 'Macho', 'Perro', 27),
(28, 'Chloe', '2019-11-22', 4, 'Bengala', 'Hembra', 'Gato', 28),
(29, 'Duke', '2018-07-30', 5, 'Labrador Retriever', 'Macho', 'Perro', 29),
(30, 'Zoe', '2020-02-14', 3, 'Siberiano', 'Hembra', 'Gato', 30),
(31, 'Oliver', '2016-12-20', 7, 'Bulldog Inglés', 'Macho', 'Perro', 31),
(32, 'Lily', '2017-04-10', 6, 'Angora', 'Hembra', 'Gato', 32),
(33, 'Max', '2018-09-18', 4, 'Labrador Retriever', 'Macho', 'Perro', 33),
(34, 'Luna', '2019-10-05', 4, 'Siamesa', 'Hembra', 'Gato', 34),
(35, 'Rocky', '2020-03-15', 3, 'Golden Retriever', 'Macho', 'Perro', 35),
(36, 'Bella', '2017-11-20', 6, 'Persa', 'Hembra', 'Gato', 36),
(37, 'Charlie', '2019-12-10', 4, 'Bulldog Francés', 'Macho', 'Perro', 37),
(38, 'Mia', '2020-05-30', 3, 'Maine Coon', 'Hembra', 'Gato', 38),
(39, 'Buddy', '2017-05-14', 8, 'Dálmata', 'Macho', 'Perro', 39),
(40, 'Lucy', '2018-10-01', 6, 'Siamés', 'Hembra', 'Gato', 40),
(41, 'Cooper', '2021-03-22', 2, 'Labrador', 'Macho', 'Perro', 41),
(42, 'Lola', '2020-05-11', 3, 'Persa', 'Hembra', 'Gato', 42),
(43, 'Jack', '2017-08-01', 7, 'Beagle', 'Macho', 'Perro', 43),
(44, 'Chloe', '2019-11-14', 4, 'Bengala', 'Hembra', 'Gato', 44),
(45, 'Duke', '2018-06-19', 6, 'Labrador Retriever', 'Macho', 'Perro', 45),
(46, 'Zoe', '2020-01-03', 3, 'Siberiano', 'Hembra', 'Gato', 46),
(47, 'Oliver', '2016-12-30', 8, 'Bulldog Inglés', 'Macho', 'Perro', 47),
(48, 'Lily', '2017-05-22', 7, 'Angora', 'Hembra', 'Gato', 48),
(49, 'Max', '2018-10-18', 5, 'Labrador Retriever', 'Macho', 'Perro', 49),
(50, 'Luna', '2019-11-05', 4, 'Siamesa', 'Hembra', 'Gato', 50);


INSERT INTO patrocinios (id_patrocinio, id_evento, patrocinador, monto, id_sucursal)
VALUES
(1, 1, 'Empresa A', 500.00, 1),
(2, 2, 'Empresa B', 800.00, 2),
(3, 3, 'Empresa C', 600.00, 3),
(4, 4, 'Empresa D', 1000.00, 4),
(5, 5, 'Empresa E', 700.00, 5),
(6, 6, 'Empresa F', 900.00, 6),
(7, 7, 'Empresa G', 1200.00, 7),
(8, 8, 'Empresa H', 450.00, 8),
(9, 9, 'Empresa I', 850.00, 9),
(10, 10, 'Empresa J', 950.00, 10),
(11, 11, 'Empresa K', 550.00, 11),
(12, 12, 'Empresa L', 700.00, 12),
(13, 13, 'Empresa M', 800.00, 13),
(14, 14, 'Empresa N', 600.00, 14),
(15, 15, 'Empresa O', 1100.00, 15),
(16, 16, 'Empresa P', 750.00, 16),
(17, 17, 'Empresa Q', 500.00, 17),
(18, 18, 'Empresa R', 850.00, 18),
(19, 19, 'Empresa S', 900.00, 19),
(20, 20, 'Empresa T', 700.00, 20);

INSERT INTO reparaciones (id_reparacion, id_equipo, fecha, descripcion, costo)
VALUES
(1, 1, '2024-06-05', 'Reparación de pantalla rota', 200.00),
(2, 2, '2024-06-10', 'Reemplazo de batería agotada', 100.00),
(3, 3, '2024-06-15', 'Actualización de software', 50.00),
(4, 4, '2024-06-20', 'Reparación de teclado dañado', 150.00),
(5, 5, '2024-06-25', 'Limpieza interna y mantenimiento preventivo', 80.00);

INSERT INTO servicios (id_servicio, nombre, descripcion, costo, id_sucursal)
VALUES
(1, 'Corte de pelo', 'Servicio de corte y arreglo de pelo para mascotas', 30.00, 1),
(2, 'Vacunación básica', 'Vacunación contra enfermedades comunes para mascotas', 50.00, 2),
(3, 'Baño y secado', 'Baño completo y secado de mascotas', 25.00, 3),
(4, 'Consulta veterinaria', 'Consulta y revisión general de salud para mascotas', 40.00, 4),
(5, 'Desparasitación', 'Tratamiento para eliminar parásitos internos y externos en mascotas', 35.00, 5);

INSERT INTO solicitudes_adopcion (id_solicitud, id_adoptante, id_mascota, fecha, estado)
VALUES
(1, 1, 1, '2024-06-01', 'Pendiente'),
(2, 2, 2, '2024-06-02', 'Aprobada'),
(3, 3, 3, '2024-06-03', 'Rechazada'),
(4, 4, 4, '2024-06-04', 'Pendiente'),
(5, 5, 5, '2024-06-05', 'Aprobada');

INSERT INTO suministros (id_suministros, nombre, cantidad, fecha_ingreso, id_proveedor)
VALUES
(1, 'Alimento para perros', 100, '2024-01-15', 1),
(2, 'Alimento para gatos', 120, '2024-02-20', 2),
(3, 'Arena para gatos', 50, '2024-03-10', 3),
(4, 'Juguetes para mascotas', 80, '2024-04-05', 4),
(5, 'Collares y correas', 60, '2024-05-18', 5),
(6, 'Cama para perros', 30, '2024-06-22', 6),
(7, 'Cepillos y peines', 40, '2024-07-01', 7),
(8, 'Areneros automáticos', 20, '2024-08-14', 8),
(9, 'Medicamentos para mascotas', 70, '2024-09-30', 9),
(10, 'Shampoo y acondicionador', 90, '2024-10-11', 10),
(11, 'Arena aglomerante', 40, '2024-11-02', 11),
(12, 'Comederos automáticos', 25, '2024-12-19', 12),
(13, 'Casetas para perros', 35, '2025-01-25', 13),
(14, 'Cajas de transporte', 55, '2025-02-09', 14),
(15, 'Rascadores para gatos', 45, '2025-03-08', 15),
(16, 'Suplementos nutricionales', 65, '2025-04-30', 16),
(17, 'Antipulgas y garrapatas', 85, '2025-05-17', 17),
(18, 'Productos de higiene dental', 75, '2025-06-12', 18),
(19, 'Casetas para gatos', 95, '2025-07-04', 19),
(20, 'Juguetes interactivos', 55, '2025-08-21', 20),
(21, 'Alimento para perros', 110, '2025-09-14', 1),
(22, 'Alimento para gatos', 130, '2025-10-02', 2),
(23, 'Arena para gatos', 60, '2025-11-18', 3),
(24, 'Juguetes para mascotas', 90, '2025-12-07', 4),
(25, 'Collares y correas', 70, '2026-01-30', 5),
(26, 'Cama para perros', 40, '2026-02-25', 6),
(27, 'Cepillos y peines', 50, '2026-03-19', 7),
(28, 'Areneros automáticos', 30, '2026-04-14', 8),
(29, 'Medicamentos para mascotas', 80, '2026-05-09', 9),
(30, 'Shampoo y acondicionador', 100, '2026-06-03', 10),
(31, 'Arena aglomerante', 50, '2026-07-01', 11),
(32, 'Comederos automáticos', 35, '2026-08-20', 12),
(33, 'Casetas para perros', 45, '2026-09-15', 13),
(34, 'Cajas de transporte', 65, '2026-10-10', 14),
(35, 'Rascadores para gatos', 55, '2026-11-05', 15),
(36, 'Suplementos nutricionales', 75, '2026-12-01', 16),
(37, 'Antipulgas y garrapatas', 95, '2027-01-25', 17),
(38, 'Productos de higiene dental', 85, '2027-02-18', 18),
(39, 'Casetas para gatos', 105, '2027-03-14', 19),
(40, 'Juguetes interactivos', 60, '2027-04-09', 20),
(41, 'Alimento para perros', 120, '2027-05-05', 1),
(42, 'Alimento para gatos', 140, '2027-06-02', 2),
(43, 'Arena para gatos', 70, '2027-07-01', 3),
(44, 'Juguetes para mascotas', 100, '2027-08-28', 4),
(45, 'Collares y correas', 80, '2027-09-22', 5),
(46, 'Cama para perros', 50, '2027-10-18', 6),
(47, 'Cepillos y peines', 60, '2027-11-14', 7),
(48, 'Areneros automáticos', 40, '2027-12-09', 8),
(49, 'Medicamentos para mascotas', 90, '2028-01-06', 9),
(50, 'Shampoo y acondicionador', 110, '2028-02-01', 10);

INSERT INTO visitas (id_visita, id_adoptante, id_mascota, fecha, resultado)
VALUES
(1, 1, 1, '2024-01-10', 'Adopción exitosa'),
(2, 2, 2, '2024-01-15', 'Revisión de salud completa'),
(3, 3, 3, '2024-01-20', 'Adopción en proceso'),
(4, 4, 4, '2024-02-05', 'No apto para adopción'),
(5, 5, 5, '2024-02-10', 'Visita cancelada'),
(6, 6, 6, '2024-02-15', 'Adopción exitosa'),
(7, 7, 7, '2024-03-01', 'Revisión de salud completa'),
(8, 8, 8, '2024-03-10', 'Adopción en proceso'),
(9, 9, 9, '2024-03-15', 'No apto para adopción'),
(10, 10, 10, '2024-04-05', 'Visita cancelada'),
(11, 11, 11, '2024-04-10', 'Adopción exitosa'),
(12, 12, 12, '2024-04-15', 'Revisión de salud completa'),
(13, 13, 13, '2024-05-01', 'Adopción en proceso'),
(14, 14, 14, '2024-05-10', 'No apto para adopción'),
(15, 15, 15, '2024-05-15', 'Visita cancelada'),
(16, 16, 16, '2024-06-05', 'Adopción exitosa'),
(17, 17, 17, '2024-06-10', 'Revisión de salud completa'),
(18, 18, 18, '2024-06-15', 'Adopción en proceso'),
(19, 19, 19, '2024-07-01', 'No apto para adopción'),
(20, 20, 20, '2024-07-10', 'Visita cancelada');

INSERT INTO voluntarios (id_voluntario, nombre, apellido, telefono, email, fecha_inicio, horas_trabajadas, id_empleado)
VALUES
(1, 'Juan', 'González', '123456789', 'juan@example.com', '2023-01-15', 80, 50),
(2, 'María', 'López', '987654321', 'maria@example.com', '2023-02-20', 75, 49),
(3, 'Carlos', 'Martínez', '555123456', 'carlos@example.com', '2023-03-10', 90, 48),
(4, 'Ana', 'Pérez', '666999888', 'ana@example.com', '2023-04-05', 85, 47),
(5, 'Laura', 'Rodríguez', '444555666', 'laura@example.com', '2023-05-18', 70, 46);

INSERT INTO veterinarios (id_veterinario, id_empleado, licencia, especialidad)
VALUES
(1, 45, '123456', 'Pequeños animales'),
(2, 44, '789012', 'Exóticos'),
(3, 43, '345678', 'Cirugía veterinaria'),
(4, 42, '901234', 'Dermatología'),
(5, 41, '567890', 'Oftalmología');

INSERT INTO vacunacion (id_vacunacion, id_mascota, id_vacuna, fecha, veterinario_id)
VALUES
(1, 1, 1, '2024-01-10', 1),
(2, 2, 2, '2024-02-15', 2),
(3, 3, 3, '2024-03-20', 3),
(4, 4, 4, '2024-04-05', 4),
(5, 5, 5, '2024-05-10', 5);

INSERT INTO adopciones (id_adopcion, id_mascota, id_adoptante, fecha_solicitud)
VALUES
(1, 1, 1, '2024-01-10'),
(2, 2, 2, '2024-02-15'),
(3, 3, 3, '2024-03-20'),
(4, 4, 4, '2024-04-05'),
(5, 5, 5, '2024-05-10'),
(6, 6, 6, '2024-06-15'),
(7, 7, 7, '2024-07-20'),
(8, 8, 8, '2024-08-25'),
(9, 9, 9, '2024-09-05'),
(10, 10, 10, '2024-10-10'),
(11, 11, 11, '2024-11-15'),
(12, 12, 12, '2024-12-20'),
(13, 13, 13, '2025-01-25'),
(14, 14, 14, '2025-02-05'),
(15, 15, 15, '2025-03-10'),
(16, 16, 16, '2025-04-15'),
(17, 17, 17, '2025-05-20'),
(18, 18, 18, '2025-06-25'),
(19, 19, 19, '2025-07-05'),
(20, 20, 20, '2025-08-10');

INSERT INTO contratos_adopcion (id_contrato, id_solicitud, fecha, observaciones)
VALUES
(1, 1, '2024-01-10', 'Firma del contrato completada'),
(2, 2, '2024-02-15', 'Revisión de documentos en proceso'),
(3, 3, '2024-03-20', 'Solicitud aprobada, listo para adopción'),
(4, 4, '2024-04-05', 'Esperando confirmación del adoptante'),
(5, 5, '2024-05-10', 'Adopción confirmada y cerrada');

INSERT INTO esterilizaciones (id_esterilizacion, id_mascota, fecha, veterinario_id, observaciones)
VALUES
(1, 1, '2024-01-10', 1, 'Esterilización realizada con éxito'),
(2, 2, '2024-02-15', 2, 'Proceso de recuperación sin complicaciones'),
(3, 3, '2024-03-20', 3, 'Necesario seguimiento post-operatorio'),
(4, 4, '2024-04-05', 4, 'Requiere cuidados adicionales'),
(5, 5, '2024-05-10', 5, 'Esterilización completada y sin problemas'),
(6, 6, '2024-06-15', 1, 'Buena recuperación después de la cirugía'),
(7, 7, '2024-07-20', 2, 'No se presentaron complicaciones durante la esterilización'),
(8, 8, '2024-08-25', 3, 'Se recomienda chequeo post-operatorio'),
(9, 9, '2024-09-05', 4, 'Esterilización exitosa'),
(10, 10, '2024-10-10', 5, 'Recuperación rápida y sin problemas'),
(11, 11, '2024-11-15', 1, 'Proceso de esterilización finalizado'),
(12, 12, '2024-12-20', 2, 'Complicaciones menores post-esterilización'),
(13, 13, '2025-01-25', 3, 'Esterilización exitosa'),
(14, 14, '2025-02-05', 4, 'Buena recuperación del paciente'),
(15, 15, '2025-03-10', 5, 'Necesario seguimiento continuo'),
(16, 16, '2025-04-15', 1, 'Esterilización sin contratiempos'),
(17, 17, '2025-05-20', 2, 'Recomendaciones post-esterilización'),
(18, 18, '2025-06-25', 3, 'Esterilización completada con éxito'),
(19, 19, '2025-07-05', 4, 'Proceso de recuperación en curso'),
(20, 20, '2025-08-10', 5, 'Estado del paciente estable');

INSERT INTO Seguimientos (id_seguimiento, id_contrato, fecha, observaciones)
VALUES
(1, 1, '2024-01-10', 'Primera revisión post-adopción'),
(2, 2, '2024-02-15', 'Visita domiciliaria programada'),
(3, 3, '2024-03-20', 'Seguimiento regular del comportamiento del animal'),
(4, 4, '2024-04-05', 'Recomendaciones dietéticas para el animal adoptado'),
(5, 5, '2024-05-10', 'Evaluación de la adaptación del animal en su nuevo hogar');

INSERT INTO salud_animales (id_salud, id_mascota, fecha_examen, resultados, veterinario_id)
VALUES
(1, 1, '2024-01-10', 'Examen físico normal, vacunación al día.', 1),
(2, 2, '2024-02-15', 'Dientes en buen estado, requiere control de peso.', 2),
(3, 3, '2024-03-20', 'Leve inflamación en oreja derecha, tratamiento con antibióticos.', 3),
(4, 4, '2024-04-05', 'Condición física excelente, recomendado para actividades físicas moderadas.', 4),
(5, 5, '2024-05-10', 'Necesita desparasitación, programada para próxima consulta.', 5),
(6, 6, '2024-06-15', 'Recuperación favorable post-cirugía, seguimiento semanal recomendado.', 1),
(7, 7, '2024-07-20', 'Revisión de rutina, sin hallazgos significativos.', 2),
(8, 8, '2024-08-25', 'Prueba de sangre normal, dieta balanceada recomendada.', 3),
(9, 9, '2024-09-05', 'Control de garrapatas, aplicación de tratamiento antiparasitario.', 4),
(10, 10, '2024-10-10', 'Seguimiento de vacunación, próxima dosis en 6 meses.', 5),
(11, 11, '2024-11-15', 'Consulta por comportamiento, recomendación de entrenamiento.', 1),
(12, 12, '2024-12-20', 'Problemas respiratorios, tratamiento con broncodilatadores.', 2),
(13, 13, '2025-01-25', 'Cambio de dieta por alergia alimentaria, seguimiento nutricional.', 3),
(14, 14, '2025-02-05', 'Control de peso exitoso, rutina de ejercicio recomendada.', 4),
(15, 15, '2025-03-10', 'Examen dental completo, recomendaciones para la higiene bucal.', 5),
(16, 16, '2025-04-15', 'Seguimiento post-operativo, evaluación de cicatrización.', 1),
(17, 17, '2025-05-20', 'Revisión ocular, diagnóstico de leve conjuntivitis, tratamiento con gotas.', 2),
(18, 18, '2025-06-25', 'Control de parásitos intestinales, dosis única de antiparasitario administrada.', 3),
(19, 19, '2025-07-05', 'Vacunación completa, próxima cita en 1 año.', 4),
(20, 20, '2025-08-10', 'Revisión neurológica, comportamiento normal observado.', 5);









SELECT * FROM adoptantes